{"cameraMode":{"drawMode":0,"name":"Shaded","section":"Shading Mode"},"sceneLighting":false,"audioPlay":false,"sceneViewState":{"m_AlwaysRefresh":false,"showFog":true,"showSkybox":false,"showFlares":true,"showImageEffects":true,"showParticleSystems":true,"showVisualEffectGraphs":true,"m_FxEnabled":true},"in2DMode":false,"pivot":{"x":-4.6840362548828129,"y":-15.840412139892579,"z":16.290000915527345},"rotation":{"x":-0.13294829428195954,"y":0.049634333699941638,"z":-0.006661905907094479,"w":-0.9899420142173767},"size":130.03353881835938,"orthographic":true}