{"cameraMode":{"drawMode":0,"name":"Shaded","section":"Shading Mode"},"sceneLighting":false,"audioPlay":false,"sceneViewState":{"m_AlwaysRefresh":false,"showFog":true,"showSkybox":false,"showFlares":true,"showImageEffects":true,"showParticleSystems":true,"showVisualEffectGraphs":true,"m_FxEnabled":true},"in2DMode":false,"pivot":{"x":-95.38380432128906,"y":493.2070007324219,"z":37.07296371459961},"rotation":{"x":-0.006622650660574436,"y":-0.9929519295692444,"z":0.09712057560682297,"w":-0.06771673262119293},"size":2.4861249923706056,"orthographic":true}