{"cameraMode":{"drawMode":0,"name":"Shaded","section":"Shading Mode"},"sceneLighting":true,"audioPlay":false,"sceneViewState":{"m_AlwaysRefresh":false,"showFog":true,"showSkybox":false,"showFlares":true,"showImageEffects":true,"showParticleSystems":true,"showVisualEffectGraphs":true,"m_FxEnabled":true},"in2DMode":false,"pivot":{"x":3.0113282203674318,"y":-6.649812698364258,"z":0.19931185245513917},"rotation":{"x":-0.11513667553663254,"y":-0.16371002793312074,"z":0.019242053851485254,"w":-0.9795786142349243},"size":1.5044667720794678,"orthographic":true}